"account.id","account.name","account.eab_kid","account.contact","account.created_at","account.jwk","account.alg","order.id","order.name","order.status.id","order.status.name","order.notbefore","order.notafter","order.expires","order.identifiers","authorization.id","authorization.name","authorization.type","authorization.value","authorization.expires","authorization.token","authorization.created_at","authorization.status.id","authorization.status.name","challenge.id","challenge.name","challenge.token","challenge.expires","challenge.type","challenge.keyauthorization","challenge.created_at","challenge.status.id","challenge.status.name"
1,"QMSCUs0MH1j1","kid01","[""mailto:grindsa3@bar.local""]","2020-07-30 14:52:20","{""crv"": ""P-256"", ""kty"": ""EC"", ""x"": ""-rKMCLQ5QsdEPxLUj_PCNmd1h2OE8ijI8w9KYkqBmuk"", ""y"": ""GWoJaVTgZBoE95pf0nvhcQcYy1VFadARtJxGMBJ-z9g""}","ES256",1,"fBK7HtG3916w",1,"invalid","","","2020-07-31 14:53:11","[{""type"": ""dns"", ""value"": ""foo1.bar.local""}, {""type"": ""dns"", ""value"": ""foo2.bar.local""}]",1,"Jd99c5z2Imxq","dns","foo1.bar.local","2020-07-31 14:53:12","4Lpc80VPdyyoHR5dwA5QD7cElF21isVy","2020-07-30 14:53:11",6,"expired",1,"O4sbT90W92lx","4Lpc80VPdyyoHR5dwA5QD7cElF21isVy","2020-07-31 14:53:12","http-01","","2020-07-30 14:53:12",1,"invalid"
1,"QMSCUs0MH1j1","kid01","[""mailto:grindsa3@bar.local""]","2020-07-30 14:52:20","{""crv"": ""P-256"", ""kty"": ""EC"", ""x"": ""-rKMCLQ5QsdEPxLUj_PCNmd1h2OE8ijI8w9KYkqBmuk"", ""y"": ""GWoJaVTgZBoE95pf0nvhcQcYy1VFadARtJxGMBJ-z9g""}","ES256",1,"fBK7HtG3916w",1,"invalid","","","2020-07-31 14:53:11","[{""type"": ""dns"", ""value"": ""foo1.bar.local""}, {""type"": ""dns"", ""value"": ""foo2.bar.local""}]",1,"Jd99c5z2Imxq","dns","foo1.bar.local","2020-07-31 14:53:12","4Lpc80VPdyyoHR5dwA5QD7cElF21isVy","2020-07-30 14:53:11",6,"expired",2,"pHqvViegHHdy","4Lpc80VPdyyoHR5dwA5QD7cElF21isVy","2020-07-31 14:53:12","dns-01","","2020-07-30 14:53:12",2,"pending"
1,"QMSCUs0MH1j1","kid01","[""mailto:grindsa3@bar.local""]","2020-07-30 14:52:20","{""crv"": ""P-256"", ""kty"": ""EC"", ""x"": ""-rKMCLQ5QsdEPxLUj_PCNmd1h2OE8ijI8w9KYkqBmuk"", ""y"": ""GWoJaVTgZBoE95pf0nvhcQcYy1VFadARtJxGMBJ-z9g""}","ES256",1,"fBK7HtG3916w",1,"invalid","","","2020-07-31 14:53:11","[{""type"": ""dns"", ""value"": ""foo1.bar.local""}, {""type"": ""dns"", ""value"": ""foo2.bar.local""}]",2,"k47Ddfr7Moim","dns","foo2.bar.local","2020-07-31 14:53:12","jw6J2MqOhiDqV60r7Js7XidoDB1XDaLM","2020-07-30 14:53:11",6,"expired",3,"el9cfdFOWee3","jw6J2MqOhiDqV60r7Js7XidoDB1XDaLM","2020-07-31 14:53:12","http-01","","2020-07-30 14:53:12",1,"invalid"
1,"QMSCUs0MH1j1","kid01","[""mailto:grindsa3@bar.local""]","2020-07-30 14:52:20","{""crv"": ""P-256"", ""kty"": ""EC"", ""x"": ""-rKMCLQ5QsdEPxLUj_PCNmd1h2OE8ijI8w9KYkqBmuk"", ""y"": ""GWoJaVTgZBoE95pf0nvhcQcYy1VFadARtJxGMBJ-z9g""}","ES256",1,"fBK7HtG3916w",1,"invalid","","","2020-07-31 14:53:11","[{""type"": ""dns"", ""value"": ""foo1.bar.local""}, {""type"": ""dns"", ""value"": ""foo2.bar.local""}]",2,"k47Ddfr7Moim","dns","foo2.bar.local","2020-07-31 14:53:12","jw6J2MqOhiDqV60r7Js7XidoDB1XDaLM","2020-07-30 14:53:11",6,"expired",4,"bLDhYDIhFAMz","jw6J2MqOhiDqV60r7Js7XidoDB1XDaLM","2020-07-31 14:53:12","dns-01","","2020-07-30 14:53:12",2,"pending"
1,"QMSCUs0MH1j1","kid01","[""mailto:grindsa3@bar.local""]","2020-07-30 14:52:20","{""crv"": ""P-256"", ""kty"": ""EC"", ""x"": ""-rKMCLQ5QsdEPxLUj_PCNmd1h2OE8ijI8w9KYkqBmuk"", ""y"": ""GWoJaVTgZBoE95pf0nvhcQcYy1VFadARtJxGMBJ-z9g""}","ES256",2,"ssg6hitaZleN",1,"invalid","","","2020-07-31 14:54:01","[{""type"": ""dns"", ""value"": ""foo1.bar.local""}, {""type"": ""dns"", ""value"": ""foo2.bar.local""}]",3,"yeh0SqUSirhX","dns","foo1.bar.local","2020-07-31 14:54:01","uLnziWcGJMApgVSbJw1BCenOB3rn8S1Y","2020-07-30 14:54:01",6,"expired",5,"wCHIrOwo95Rg","uLnziWcGJMApgVSbJw1BCenOB3rn8S1Y","2020-07-31 14:54:01","http-01","","2020-07-30 14:54:01",1,"invalid"
1,"QMSCUs0MH1j1","kid01","[""mailto:grindsa3@bar.local""]","2020-07-30 14:52:20","{""crv"": ""P-256"", ""kty"": ""EC"", ""x"": ""-rKMCLQ5QsdEPxLUj_PCNmd1h2OE8ijI8w9KYkqBmuk"", ""y"": ""GWoJaVTgZBoE95pf0nvhcQcYy1VFadARtJxGMBJ-z9g""}","ES256",2,"ssg6hitaZleN",1,"invalid","","","2020-07-31 14:54:01","[{""type"": ""dns"", ""value"": ""foo1.bar.local""}, {""type"": ""dns"", ""value"": ""foo2.bar.local""}]",3,"yeh0SqUSirhX","dns","foo1.bar.local","2020-07-31 14:54:01","uLnziWcGJMApgVSbJw1BCenOB3rn8S1Y","2020-07-30 14:54:01",6,"expired",6,"6heNowhBOznl","uLnziWcGJMApgVSbJw1BCenOB3rn8S1Y","2020-07-31 14:54:01","dns-01","","2020-07-30 14:54:01",2,"pending"
1,"QMSCUs0MH1j1","kid01","[""mailto:grindsa3@bar.local""]","2020-07-30 14:52:20","{""crv"": ""P-256"", ""kty"": ""EC"", ""x"": ""-rKMCLQ5QsdEPxLUj_PCNmd1h2OE8ijI8w9KYkqBmuk"", ""y"": ""GWoJaVTgZBoE95pf0nvhcQcYy1VFadARtJxGMBJ-z9g""}","ES256",2,"ssg6hitaZleN",1,"invalid","","","2020-07-31 14:54:01","[{""type"": ""dns"", ""value"": ""foo1.bar.local""}, {""type"": ""dns"", ""value"": ""foo2.bar.local""}]",4,"cGDmzBkX8DOf","dns","foo2.bar.local","2020-07-31 14:54:02","QTMX9ZwO3BLXOzc0CNaiog188GJIyLRq","2020-07-30 14:54:01",6,"expired",7,"dlg8GJHTph7J","QTMX9ZwO3BLXOzc0CNaiog188GJIyLRq","2020-07-31 14:54:02","http-01","","2020-07-30 14:54:02",1,"invalid"
1,"QMSCUs0MH1j1","kid01","[""mailto:grindsa3@bar.local""]","2020-07-30 14:52:20","{""crv"": ""P-256"", ""kty"": ""EC"", ""x"": ""-rKMCLQ5QsdEPxLUj_PCNmd1h2OE8ijI8w9KYkqBmuk"", ""y"": ""GWoJaVTgZBoE95pf0nvhcQcYy1VFadARtJxGMBJ-z9g""}","ES256",2,"ssg6hitaZleN",1,"invalid","","","2020-07-31 14:54:01","[{""type"": ""dns"", ""value"": ""foo1.bar.local""}, {""type"": ""dns"", ""value"": ""foo2.bar.local""}]",4,"cGDmzBkX8DOf","dns","foo2.bar.local","2020-07-31 14:54:02","QTMX9ZwO3BLXOzc0CNaiog188GJIyLRq","2020-07-30 14:54:01",6,"expired",8,"A4UUZEXkuOrZ","QTMX9ZwO3BLXOzc0CNaiog188GJIyLRq","2020-07-31 14:54:02","dns-01","","2020-07-30 14:54:02",2,"pending"
1,"QMSCUs0MH1j1","kid01","[""mailto:grindsa3@bar.local""]","2020-07-30 14:52:20","{""crv"": ""P-256"", ""kty"": ""EC"", ""x"": ""-rKMCLQ5QsdEPxLUj_PCNmd1h2OE8ijI8w9KYkqBmuk"", ""y"": ""GWoJaVTgZBoE95pf0nvhcQcYy1VFadARtJxGMBJ-z9g""}","ES256",3,"C0I8rUgyHY9c",1,"invalid","","","2020-07-31 14:54:46","[{""type"": ""dns"", ""value"": ""foo1.bar.local""}, {""type"": ""dns"", ""value"": ""foo2.bar.local""}]",5,"bJSN4MhrgJnk","dns","foo1.bar.local","2020-07-31 14:54:46","C3x9ts3Lnh7hgdtI57KZ48d1M809ATG5","2020-07-30 14:54:46",6,"expired",9,"vAFz8BARNdor","C3x9ts3Lnh7hgdtI57KZ48d1M809ATG5","2020-07-31 14:54:46","http-01","","2020-07-30 14:54:46",2,"pending"
1,"QMSCUs0MH1j1","kid01","[""mailto:grindsa3@bar.local""]","2020-07-30 14:52:20","{""crv"": ""P-256"", ""kty"": ""EC"", ""x"": ""-rKMCLQ5QsdEPxLUj_PCNmd1h2OE8ijI8w9KYkqBmuk"", ""y"": ""GWoJaVTgZBoE95pf0nvhcQcYy1VFadARtJxGMBJ-z9g""}","ES256",3,"C0I8rUgyHY9c",1,"invalid","","","2020-07-31 14:54:46","[{""type"": ""dns"", ""value"": ""foo1.bar.local""}, {""type"": ""dns"", ""value"": ""foo2.bar.local""}]",5,"bJSN4MhrgJnk","dns","foo1.bar.local","2020-07-31 14:54:46","C3x9ts3Lnh7hgdtI57KZ48d1M809ATG5","2020-07-30 14:54:46",6,"expired",10,"XOxUp97gAKN6","C3x9ts3Lnh7hgdtI57KZ48d1M809ATG5","2020-07-31 14:54:46","dns-01","","2020-07-30 14:54:46",2,"pending"
1,"QMSCUs0MH1j1","kid01","[""mailto:grindsa3@bar.local""]","2020-07-30 14:52:20","{""crv"": ""P-256"", ""kty"": ""EC"", ""x"": ""-rKMCLQ5QsdEPxLUj_PCNmd1h2OE8ijI8w9KYkqBmuk"", ""y"": ""GWoJaVTgZBoE95pf0nvhcQcYy1VFadARtJxGMBJ-z9g""}","ES256",3,"C0I8rUgyHY9c",1,"invalid","","","2020-07-31 14:54:46","[{""type"": ""dns"", ""value"": ""foo1.bar.local""}, {""type"": ""dns"", ""value"": ""foo2.bar.local""}]",6,"ja4oRRMZODjs","dns","foo2.bar.local","2020-07-31 14:54:46","axKewlhvLv8sNkFTAUFGHrBvKQN1INVr","2020-07-30 14:54:46",6,"expired",11,"GNR6Kb5aFLN8","axKewlhvLv8sNkFTAUFGHrBvKQN1INVr","2020-07-31 14:54:46","http-01","","2020-07-30 14:54:46",2,"pending"
1,"QMSCUs0MH1j1","kid01","[""mailto:grindsa3@bar.local""]","2020-07-30 14:52:20","{""crv"": ""P-256"", ""kty"": ""EC"", ""x"": ""-rKMCLQ5QsdEPxLUj_PCNmd1h2OE8ijI8w9KYkqBmuk"", ""y"": ""GWoJaVTgZBoE95pf0nvhcQcYy1VFadARtJxGMBJ-z9g""}","ES256",3,"C0I8rUgyHY9c",1,"invalid","","","2020-07-31 14:54:46","[{""type"": ""dns"", ""value"": ""foo1.bar.local""}, {""type"": ""dns"", ""value"": ""foo2.bar.local""}]",6,"ja4oRRMZODjs","dns","foo2.bar.local","2020-07-31 14:54:46","axKewlhvLv8sNkFTAUFGHrBvKQN1INVr","2020-07-30 14:54:46",6,"expired",12,"9A93NLQ6HhMm","axKewlhvLv8sNkFTAUFGHrBvKQN1INVr","2020-07-31 14:54:46","dns-01","","2020-07-30 14:54:46",2,"pending"
1,"QMSCUs0MH1j1","kid01","[""mailto:grindsa3@bar.local""]","2020-07-30 14:52:20","{""crv"": ""P-256"", ""kty"": ""EC"", ""x"": ""-rKMCLQ5QsdEPxLUj_PCNmd1h2OE8ijI8w9KYkqBmuk"", ""y"": ""GWoJaVTgZBoE95pf0nvhcQcYy1VFadARtJxGMBJ-z9g""}","ES256",4,"SkcFonuJQH7p",1,"invalid","","","2020-07-31 14:55:44","[{""type"": ""dns"", ""value"": ""foo1.bar.local""}, {""type"": ""dns"", ""value"": ""foo2.bar.local""}]",7,"DqQ471vq6wl1","dns","foo1.bar.local","2020-07-31 14:55:44","GVfKILXdOIVB1aMq9Z8FueX1NQsfRs2i","2020-07-30 14:55:44",6,"expired",13,"dpt3CV2M2Oms","GVfKILXdOIVB1aMq9Z8FueX1NQsfRs2i","2020-07-31 14:55:44","http-01","","2020-07-30 14:55:44",5,"valid"
1,"QMSCUs0MH1j1","kid01","[""mailto:grindsa3@bar.local""]","2020-07-30 14:52:20","{""crv"": ""P-256"", ""kty"": ""EC"", ""x"": ""-rKMCLQ5QsdEPxLUj_PCNmd1h2OE8ijI8w9KYkqBmuk"", ""y"": ""GWoJaVTgZBoE95pf0nvhcQcYy1VFadARtJxGMBJ-z9g""}","ES256",4,"SkcFonuJQH7p",1,"invalid","","","2020-07-31 14:55:44","[{""type"": ""dns"", ""value"": ""foo1.bar.local""}, {""type"": ""dns"", ""value"": ""foo2.bar.local""}]",7,"DqQ471vq6wl1","dns","foo1.bar.local","2020-07-31 14:55:44","GVfKILXdOIVB1aMq9Z8FueX1NQsfRs2i","2020-07-30 14:55:44",6,"expired",14,"4dxkoXFubegB","GVfKILXdOIVB1aMq9Z8FueX1NQsfRs2i","2020-07-31 14:55:44","dns-01","","2020-07-30 14:55:44",2,"pending"
1,"QMSCUs0MH1j1","kid01","[""mailto:grindsa3@bar.local""]","2020-07-30 14:52:20","{""crv"": ""P-256"", ""kty"": ""EC"", ""x"": ""-rKMCLQ5QsdEPxLUj_PCNmd1h2OE8ijI8w9KYkqBmuk"", ""y"": ""GWoJaVTgZBoE95pf0nvhcQcYy1VFadARtJxGMBJ-z9g""}","ES256",4,"SkcFonuJQH7p",1,"invalid","","","2020-07-31 14:55:44","[{""type"": ""dns"", ""value"": ""foo1.bar.local""}, {""type"": ""dns"", ""value"": ""foo2.bar.local""}]",8,"rex88FoMoseg","dns","foo2.bar.local","2020-07-31 14:55:44","M7thDkVZvoYTuEiameeMePMlTxF1RTlf","2020-07-30 14:55:44",6,"expired",15,"N1GyaWgXPMPl","M7thDkVZvoYTuEiameeMePMlTxF1RTlf","2020-07-31 14:55:44","http-01","","2020-07-30 14:55:44",5,"valid"
1,"QMSCUs0MH1j1","kid01","[""mailto:grindsa3@bar.local""]","2020-07-30 14:52:20","{""crv"": ""P-256"", ""kty"": ""EC"", ""x"": ""-rKMCLQ5QsdEPxLUj_PCNmd1h2OE8ijI8w9KYkqBmuk"", ""y"": ""GWoJaVTgZBoE95pf0nvhcQcYy1VFadARtJxGMBJ-z9g""}","ES256",4,"SkcFonuJQH7p",1,"invalid","","","2020-07-31 14:55:44","[{""type"": ""dns"", ""value"": ""foo1.bar.local""}, {""type"": ""dns"", ""value"": ""foo2.bar.local""}]",8,"rex88FoMoseg","dns","foo2.bar.local","2020-07-31 14:55:44","M7thDkVZvoYTuEiameeMePMlTxF1RTlf","2020-07-30 14:55:44",6,"expired",16,"lLiOl4q4SvCe","M7thDkVZvoYTuEiameeMePMlTxF1RTlf","2020-07-31 14:55:44","dns-01","","2020-07-30 14:55:44",2,"pending"
1,"QMSCUs0MH1j1","kid01","[""mailto:grindsa3@bar.local""]","2020-07-30 14:52:20","{""crv"": ""P-256"", ""kty"": ""EC"", ""x"": ""-rKMCLQ5QsdEPxLUj_PCNmd1h2OE8ijI8w9KYkqBmuk"", ""y"": ""GWoJaVTgZBoE95pf0nvhcQcYy1VFadARtJxGMBJ-z9g""}","ES256",5,"tDXY56holtPf",1,"invalid","","","2020-07-31 14:56:22","[{""type"": ""dns"", ""value"": ""foo1.bar.local""}, {""type"": ""dns"", ""value"": ""foo2.bar.local""}, {""type"": ""dns"", ""value"": ""foo3.bar.local""}]",9,"SD8qRrTIfhDH","dns","foo1.bar.local","2020-07-31 14:56:23","MbktW447CFeclOlzpxfT8UA98hW8ERGf","2020-07-30 14:56:22",6,"expired",17,"UdG5vCrPDLCW","MbktW447CFeclOlzpxfT8UA98hW8ERGf","2020-07-31 14:56:23","http-01","","2020-07-30 14:56:23",5,"valid"
1,"QMSCUs0MH1j1","kid01","[""mailto:grindsa3@bar.local""]","2020-07-30 14:52:20","{""crv"": ""P-256"", ""kty"": ""EC"", ""x"": ""-rKMCLQ5QsdEPxLUj_PCNmd1h2OE8ijI8w9KYkqBmuk"", ""y"": ""GWoJaVTgZBoE95pf0nvhcQcYy1VFadARtJxGMBJ-z9g""}","ES256",5,"tDXY56holtPf",1,"invalid","","","2020-07-31 14:56:22","[{""type"": ""dns"", ""value"": ""foo1.bar.local""}, {""type"": ""dns"", ""value"": ""foo2.bar.local""}, {""type"": ""dns"", ""value"": ""foo3.bar.local""}]",9,"SD8qRrTIfhDH","dns","foo1.bar.local","2020-07-31 14:56:23","MbktW447CFeclOlzpxfT8UA98hW8ERGf","2020-07-30 14:56:22",6,"expired",18,"3Z5NjuedCXLT","MbktW447CFeclOlzpxfT8UA98hW8ERGf","2020-07-31 14:56:23","dns-01","","2020-07-30 14:56:23",2,"pending"
1,"QMSCUs0MH1j1","kid01","[""mailto:grindsa3@bar.local""]","2020-07-30 14:52:20","{""crv"": ""P-256"", ""kty"": ""EC"", ""x"": ""-rKMCLQ5QsdEPxLUj_PCNmd1h2OE8ijI8w9KYkqBmuk"", ""y"": ""GWoJaVTgZBoE95pf0nvhcQcYy1VFadARtJxGMBJ-z9g""}","ES256",5,"tDXY56holtPf",1,"invalid","","","2020-07-31 14:56:22","[{""type"": ""dns"", ""value"": ""foo1.bar.local""}, {""type"": ""dns"", ""value"": ""foo2.bar.local""}, {""type"": ""dns"", ""value"": ""foo3.bar.local""}]",10,"NaEtaOh24PkW","dns","foo2.bar.local","2020-07-31 14:56:23","JLp34w4e9fAhZVALgUkecLz0SdENzISd","2020-07-30 14:56:22",6,"expired",19,"qbnIM61sjq2u","JLp34w4e9fAhZVALgUkecLz0SdENzISd","2020-07-31 14:56:23","http-01","","2020-07-30 14:56:23",5,"valid"
1,"QMSCUs0MH1j1","kid01","[""mailto:grindsa3@bar.local""]","2020-07-30 14:52:20","{""crv"": ""P-256"", ""kty"": ""EC"", ""x"": ""-rKMCLQ5QsdEPxLUj_PCNmd1h2OE8ijI8w9KYkqBmuk"", ""y"": ""GWoJaVTgZBoE95pf0nvhcQcYy1VFadARtJxGMBJ-z9g""}","ES256",5,"tDXY56holtPf",1,"invalid","","","2020-07-31 14:56:22","[{""type"": ""dns"", ""value"": ""foo1.bar.local""}, {""type"": ""dns"", ""value"": ""foo2.bar.local""}, {""type"": ""dns"", ""value"": ""foo3.bar.local""}]",10,"NaEtaOh24PkW","dns","foo2.bar.local","2020-07-31 14:56:23","JLp34w4e9fAhZVALgUkecLz0SdENzISd","2020-07-30 14:56:22",6,"expired",20,"o4l2RDVN96Vy","JLp34w4e9fAhZVALgUkecLz0SdENzISd","2020-07-31 14:56:23","dns-01","","2020-07-30 14:56:23",2,"pending"
1,"QMSCUs0MH1j1","kid01","[""mailto:grindsa3@bar.local""]","2020-07-30 14:52:20","{""crv"": ""P-256"", ""kty"": ""EC"", ""x"": ""-rKMCLQ5QsdEPxLUj_PCNmd1h2OE8ijI8w9KYkqBmuk"", ""y"": ""GWoJaVTgZBoE95pf0nvhcQcYy1VFadARtJxGMBJ-z9g""}","ES256",5,"tDXY56holtPf",1,"invalid","","","2020-07-31 14:56:22","[{""type"": ""dns"", ""value"": ""foo1.bar.local""}, {""type"": ""dns"", ""value"": ""foo2.bar.local""}, {""type"": ""dns"", ""value"": ""foo3.bar.local""}]",11,"aTI19nbBWcl5","dns","foo3.bar.local","2020-07-31 14:56:23","X3jvDs4rzmtm4aRszQMkHvPzdVB1qQiW","2020-07-30 14:56:22",6,"expired",21,"nNyFNbvttYNy","X3jvDs4rzmtm4aRszQMkHvPzdVB1qQiW","2020-07-31 14:56:23","http-01","","2020-07-30 14:56:23",5,"valid"
1,"QMSCUs0MH1j1","kid01","[""mailto:grindsa3@bar.local""]","2020-07-30 14:52:20","{""crv"": ""P-256"", ""kty"": ""EC"", ""x"": ""-rKMCLQ5QsdEPxLUj_PCNmd1h2OE8ijI8w9KYkqBmuk"", ""y"": ""GWoJaVTgZBoE95pf0nvhcQcYy1VFadARtJxGMBJ-z9g""}","ES256",5,"tDXY56holtPf",1,"invalid","","","2020-07-31 14:56:22","[{""type"": ""dns"", ""value"": ""foo1.bar.local""}, {""type"": ""dns"", ""value"": ""foo2.bar.local""}, {""type"": ""dns"", ""value"": ""foo3.bar.local""}]",11,"aTI19nbBWcl5","dns","foo3.bar.local","2020-07-31 14:56:23","X3jvDs4rzmtm4aRszQMkHvPzdVB1qQiW","2020-07-30 14:56:22",6,"expired",22,"y1F0Ab1vdmgk","X3jvDs4rzmtm4aRszQMkHvPzdVB1qQiW","2020-07-31 14:56:23","dns-01","","2020-07-30 14:56:23",2,"pending"
1,"QMSCUs0MH1j1","kid01","[""mailto:grindsa3@bar.local""]","2020-07-30 14:52:20","{""crv"": ""P-256"", ""kty"": ""EC"", ""x"": ""-rKMCLQ5QsdEPxLUj_PCNmd1h2OE8ijI8w9KYkqBmuk"", ""y"": ""GWoJaVTgZBoE95pf0nvhcQcYy1VFadARtJxGMBJ-z9g""}","ES256",6,"pMqVtHqIkT64",1,"invalid","","","2020-07-31 14:57:24","[{""type"": ""dns"", ""value"": ""foo4.bar.local""}, {""type"": ""dns"", ""value"": ""foo5.bar.local""}]",12,"dhuPBAN2acYV","dns","foo4.bar.local","2020-07-31 14:57:24","9yGHNVZnG6udfqt7jyq9ZfuBjPSV1XWo","2020-07-30 14:57:24",6,"expired",23,"btH5RRDB0NnX","9yGHNVZnG6udfqt7jyq9ZfuBjPSV1XWo","2020-07-31 14:57:24","http-01","","2020-07-30 14:57:25",5,"valid"
1,"QMSCUs0MH1j1","kid01","[""mailto:grindsa3@bar.local""]","2020-07-30 14:52:20","{""crv"": ""P-256"", ""kty"": ""EC"", ""x"": ""-rKMCLQ5QsdEPxLUj_PCNmd1h2OE8ijI8w9KYkqBmuk"", ""y"": ""GWoJaVTgZBoE95pf0nvhcQcYy1VFadARtJxGMBJ-z9g""}","ES256",6,"pMqVtHqIkT64",1,"invalid","","","2020-07-31 14:57:24","[{""type"": ""dns"", ""value"": ""foo4.bar.local""}, {""type"": ""dns"", ""value"": ""foo5.bar.local""}]",12,"dhuPBAN2acYV","dns","foo4.bar.local","2020-07-31 14:57:24","9yGHNVZnG6udfqt7jyq9ZfuBjPSV1XWo","2020-07-30 14:57:24",6,"expired",24,"nJc2ceZEevYq","9yGHNVZnG6udfqt7jyq9ZfuBjPSV1XWo","2020-07-31 14:57:24","dns-01","","2020-07-30 14:57:25",2,"pending"
1,"QMSCUs0MH1j1","kid01","[""mailto:grindsa3@bar.local""]","2020-07-30 14:52:20","{""crv"": ""P-256"", ""kty"": ""EC"", ""x"": ""-rKMCLQ5QsdEPxLUj_PCNmd1h2OE8ijI8w9KYkqBmuk"", ""y"": ""GWoJaVTgZBoE95pf0nvhcQcYy1VFadARtJxGMBJ-z9g""}","ES256",6,"pMqVtHqIkT64",1,"invalid","","","2020-07-31 14:57:24","[{""type"": ""dns"", ""value"": ""foo4.bar.local""}, {""type"": ""dns"", ""value"": ""foo5.bar.local""}]",13,"OVp6CeUbHoov","dns","foo5.bar.local","2020-07-31 14:57:25","cjw052ygjyv484gr035h6vbJsQBDny0A","2020-07-30 14:57:24",6,"expired",25,"euzAbGxVYT7J","cjw052ygjyv484gr035h6vbJsQBDny0A","2020-07-31 14:57:25","http-01","","2020-07-30 14:57:25",5,"valid"
1,"QMSCUs0MH1j1","kid01","[""mailto:grindsa3@bar.local""]","2020-07-30 14:52:20","{""crv"": ""P-256"", ""kty"": ""EC"", ""x"": ""-rKMCLQ5QsdEPxLUj_PCNmd1h2OE8ijI8w9KYkqBmuk"", ""y"": ""GWoJaVTgZBoE95pf0nvhcQcYy1VFadARtJxGMBJ-z9g""}","ES256",6,"pMqVtHqIkT64",1,"invalid","","","2020-07-31 14:57:24","[{""type"": ""dns"", ""value"": ""foo4.bar.local""}, {""type"": ""dns"", ""value"": ""foo5.bar.local""}]",13,"OVp6CeUbHoov","dns","foo5.bar.local","2020-07-31 14:57:25","cjw052ygjyv484gr035h6vbJsQBDny0A","2020-07-30 14:57:24",6,"expired",26,"uJ87vcrc79Om","cjw052ygjyv484gr035h6vbJsQBDny0A","2020-07-31 14:57:25","dns-01","","2020-07-30 14:57:25",2,"pending"
2,"brykxxUN24fZ","","[""mailto:certbot@bar.local""]","2020-07-30 14:58:26","{""e"": ""AQAB"", ""kty"": ""RSA"", ""n"": ""tdHHdbiipJL6KtTOY5cGAy15tHSit3lU-TrkgyrFwnl6tEghS_Seeu5D7aM95--_asRaQCRhukLLVzwlp4NZpx_NI-PUqcPGIOk4yQAuQuxKKcvDMBCo9tYXunVKox6iYnIPVAFFN_5YcQyImP3UTx0Gkv_qfaLCjaFlW33aGjp38EFuLExtXQ9ZseNHOzrOBlz331W6vbYsBVmyMqYMX_vAIxWMpkQSFdlX4n10BzOqoiNqNPHtoZw0chd_gBO8S-yRr8wR3KgFU6baog3Mm-er-I9vzxI7jCow7l_pQIU-p0X2dBaTnkpFJDlsFbSZnSObWe8kre1b7V1pukdpfw""}","RS256",7,"bZU4xme1P11D",1,"invalid","","","2020-07-31 14:58:49","[{""type"": ""dns"", ""value"": ""certbot-1.bar.local""}, {""type"": ""dns"", ""value"": ""certbot-2.bar.local""}]",14,"CFzsMUGL5hRp","dns","certbot-1.bar.local","2020-07-31 14:58:51","BeOureXYYeziy04zMvncWb8HCQ4GJiab","2020-07-30 14:58:49",6,"expired",27,"GYAQs7xdLgtz","dOv8X48VlL4x0TxFF2wXkkY2gqlvtBUo","2020-07-31 14:58:50","http-01","","2020-07-30 14:58:50",5,"valid"
2,"brykxxUN24fZ","","[""mailto:certbot@bar.local""]","2020-07-30 14:58:26","{""e"": ""AQAB"", ""kty"": ""RSA"", ""n"": ""tdHHdbiipJL6KtTOY5cGAy15tHSit3lU-TrkgyrFwnl6tEghS_Seeu5D7aM95--_asRaQCRhukLLVzwlp4NZpx_NI-PUqcPGIOk4yQAuQuxKKcvDMBCo9tYXunVKox6iYnIPVAFFN_5YcQyImP3UTx0Gkv_qfaLCjaFlW33aGjp38EFuLExtXQ9ZseNHOzrOBlz331W6vbYsBVmyMqYMX_vAIxWMpkQSFdlX4n10BzOqoiNqNPHtoZw0chd_gBO8S-yRr8wR3KgFU6baog3Mm-er-I9vzxI7jCow7l_pQIU-p0X2dBaTnkpFJDlsFbSZnSObWe8kre1b7V1pukdpfw""}","RS256",7,"bZU4xme1P11D",1,"invalid","","","2020-07-31 14:58:49","[{""type"": ""dns"", ""value"": ""certbot-1.bar.local""}, {""type"": ""dns"", ""value"": ""certbot-2.bar.local""}]",14,"CFzsMUGL5hRp","dns","certbot-1.bar.local","2020-07-31 14:58:51","BeOureXYYeziy04zMvncWb8HCQ4GJiab","2020-07-30 14:58:49",6,"expired",28,"I2VWmbwJCtei","dOv8X48VlL4x0TxFF2wXkkY2gqlvtBUo","2020-07-31 14:58:50","dns-01","","2020-07-30 14:58:50",2,"pending"
2,"brykxxUN24fZ","","[""mailto:certbot@bar.local""]","2020-07-30 14:58:26","{""e"": ""AQAB"", ""kty"": ""RSA"", ""n"": ""tdHHdbiipJL6KtTOY5cGAy15tHSit3lU-TrkgyrFwnl6tEghS_Seeu5D7aM95--_asRaQCRhukLLVzwlp4NZpx_NI-PUqcPGIOk4yQAuQuxKKcvDMBCo9tYXunVKox6iYnIPVAFFN_5YcQyImP3UTx0Gkv_qfaLCjaFlW33aGjp38EFuLExtXQ9ZseNHOzrOBlz331W6vbYsBVmyMqYMX_vAIxWMpkQSFdlX4n10BzOqoiNqNPHtoZw0chd_gBO8S-yRr8wR3KgFU6baog3Mm-er-I9vzxI7jCow7l_pQIU-p0X2dBaTnkpFJDlsFbSZnSObWe8kre1b7V1pukdpfw""}","RS256",7,"bZU4xme1P11D",1,"invalid","","","2020-07-31 14:58:49","[{""type"": ""dns"", ""value"": ""certbot-1.bar.local""}, {""type"": ""dns"", ""value"": ""certbot-2.bar.local""}]",15,"JWj1arPPwAbc","dns","certbot-2.bar.local","2020-07-31 14:58:51","PPpT3Hd2gTNteztZIcX9WcRP0Ex8rbH9","2020-07-30 14:58:49",6,"expired",29,"oo5v1a516Ulr","5JOsytS607CiwseOPvmy2pRI0ekjcoxr","2020-07-31 14:58:50","http-01","","2020-07-30 14:58:50",5,"valid"
2,"brykxxUN24fZ","","[""mailto:certbot@bar.local""]","2020-07-30 14:58:26","{""e"": ""AQAB"", ""kty"": ""RSA"", ""n"": ""tdHHdbiipJL6KtTOY5cGAy15tHSit3lU-TrkgyrFwnl6tEghS_Seeu5D7aM95--_asRaQCRhukLLVzwlp4NZpx_NI-PUqcPGIOk4yQAuQuxKKcvDMBCo9tYXunVKox6iYnIPVAFFN_5YcQyImP3UTx0Gkv_qfaLCjaFlW33aGjp38EFuLExtXQ9ZseNHOzrOBlz331W6vbYsBVmyMqYMX_vAIxWMpkQSFdlX4n10BzOqoiNqNPHtoZw0chd_gBO8S-yRr8wR3KgFU6baog3Mm-er-I9vzxI7jCow7l_pQIU-p0X2dBaTnkpFJDlsFbSZnSObWe8kre1b7V1pukdpfw""}","RS256",7,"bZU4xme1P11D",1,"invalid","","","2020-07-31 14:58:49","[{""type"": ""dns"", ""value"": ""certbot-1.bar.local""}, {""type"": ""dns"", ""value"": ""certbot-2.bar.local""}]",15,"JWj1arPPwAbc","dns","certbot-2.bar.local","2020-07-31 14:58:51","PPpT3Hd2gTNteztZIcX9WcRP0Ex8rbH9","2020-07-30 14:58:49",6,"expired",30,"eVjIudlTD4CE","5JOsytS607CiwseOPvmy2pRI0ekjcoxr","2020-07-31 14:58:50","dns-01","","2020-07-30 14:58:50",2,"pending"
1,"QMSCUs0MH1j1","kid01","[""mailto:grindsa3@bar.local""]","2020-07-30 14:52:20","{""crv"": ""P-256"", ""kty"": ""EC"", ""x"": ""-rKMCLQ5QsdEPxLUj_PCNmd1h2OE8ijI8w9KYkqBmuk"", ""y"": ""GWoJaVTgZBoE95pf0nvhcQcYy1VFadARtJxGMBJ-z9g""}","ES256",8,"BbYOopY9ged0",1,"invalid","","","2020-07-31 15:02:09","[{""type"": ""TNAuthList"", ""value"": ""MAqgCBYGMTIzNDU2""}]",16,"GIcD3kJS3Pcz","TNAuthList","MAqgCBYGMTIzNDU2","2020-07-31 15:02:10","8RfSgD2z1AYwzbOwNYpoRq2zWRdoxX9E","2020-07-30 15:02:09",6,"expired",31,"M5OQvzn7t7eu","8RfSgD2z1AYwzbOwNYpoRq2zWRdoxX9E","2020-07-31 15:02:10","tkauth-01","","2020-07-30 15:02:10",5,"valid"
3,"Z9cKiTD0n3No","eabid_lego","[""mailto:lego@bar.local""]","2020-07-30 15:03:56","{""kty"": ""EC"", ""crv"": ""P-384"", ""x"": ""yUeSgdOA9cxu_OJVP_SNfk8qwe3YpWNjwJbhXkFsR-e2jakwfsut9mciFJJeJnZs"", ""y"": ""ca3rIm2ke2HyeADGd_wB_iNRgGcbx4sPRYFm9JeMVH-bDtM5m2uVhGiwk6H77xMy""}","ES384",9,"AscxIwNhKwpm",1,"invalid","","","2020-07-31 15:03:56","[{""type"": ""dns"", ""value"": ""lego-1.bar.local""}, {""type"": ""dns"", ""value"": ""lego-2.bar.local""}]",17,"nkPCNsD6N1rj","dns","lego-1.bar.local","2020-07-31 15:03:56","1w5pTaqksF1aL0DW2tV1vlflFQUIzvkv","2020-07-30 15:03:56",6,"expired",32,"a4cfxcjTKIQp","1w5pTaqksF1aL0DW2tV1vlflFQUIzvkv","2020-07-31 15:03:56","http-01","","2020-07-30 15:03:56",5,"valid"
3,"Z9cKiTD0n3No","eabid_lego","[""mailto:lego@bar.local""]","2020-07-30 15:03:56","{""kty"": ""EC"", ""crv"": ""P-384"", ""x"": ""yUeSgdOA9cxu_OJVP_SNfk8qwe3YpWNjwJbhXkFsR-e2jakwfsut9mciFJJeJnZs"", ""y"": ""ca3rIm2ke2HyeADGd_wB_iNRgGcbx4sPRYFm9JeMVH-bDtM5m2uVhGiwk6H77xMy""}","ES384",9,"AscxIwNhKwpm",1,"invalid","","","2020-07-31 15:03:56","[{""type"": ""dns"", ""value"": ""lego-1.bar.local""}, {""type"": ""dns"", ""value"": ""lego-2.bar.local""}]",17,"nkPCNsD6N1rj","dns","lego-1.bar.local","2020-07-31 15:03:56","1w5pTaqksF1aL0DW2tV1vlflFQUIzvkv","2020-07-30 15:03:56",6,"expired",33,"HNcwNH41KZBc","1w5pTaqksF1aL0DW2tV1vlflFQUIzvkv","2020-07-31 15:03:56","dns-01","","2020-07-30 15:03:56",2,"pending"
3,"Z9cKiTD0n3No","eabid_lego","[""mailto:lego@bar.local""]","2020-07-30 15:03:56","{""kty"": ""EC"", ""crv"": ""P-384"", ""x"": ""yUeSgdOA9cxu_OJVP_SNfk8qwe3YpWNjwJbhXkFsR-e2jakwfsut9mciFJJeJnZs"", ""y"": ""ca3rIm2ke2HyeADGd_wB_iNRgGcbx4sPRYFm9JeMVH-bDtM5m2uVhGiwk6H77xMy""}","ES384",9,"AscxIwNhKwpm",1,"invalid","","","2020-07-31 15:03:56","[{""type"": ""dns"", ""value"": ""lego-1.bar.local""}, {""type"": ""dns"", ""value"": ""lego-2.bar.local""}]",18,"Wpv7PkfBANya","dns","lego-2.bar.local","2020-07-31 15:03:56","Uepsls11JcUAYDUaGyl4djKxbwEX5Mtb","2020-07-30 15:03:56",6,"expired",34,"vogQnDpEHVXi","Uepsls11JcUAYDUaGyl4djKxbwEX5Mtb","2020-07-31 15:03:56","http-01","","2020-07-30 15:03:56",5,"valid"
3,"Z9cKiTD0n3No","eabid_lego","[""mailto:lego@bar.local""]","2020-07-30 15:03:56","{""kty"": ""EC"", ""crv"": ""P-384"", ""x"": ""yUeSgdOA9cxu_OJVP_SNfk8qwe3YpWNjwJbhXkFsR-e2jakwfsut9mciFJJeJnZs"", ""y"": ""ca3rIm2ke2HyeADGd_wB_iNRgGcbx4sPRYFm9JeMVH-bDtM5m2uVhGiwk6H77xMy""}","ES384",9,"AscxIwNhKwpm",1,"invalid","","","2020-07-31 15:03:56","[{""type"": ""dns"", ""value"": ""lego-1.bar.local""}, {""type"": ""dns"", ""value"": ""lego-2.bar.local""}]",18,"Wpv7PkfBANya","dns","lego-2.bar.local","2020-07-31 15:03:56","Uepsls11JcUAYDUaGyl4djKxbwEX5Mtb","2020-07-30 15:03:56",6,"expired",35,"lT0WBBX25PwF","Uepsls11JcUAYDUaGyl4djKxbwEX5Mtb","2020-07-31 15:03:56","dns-01","","2020-07-30 15:03:56",2,"pending"
